date,perturbation,model,mean_1m_temp_degC,mean_0_5m_temp_degC
2022-09-11,0,1,14.523134,12.591099
2022-09-11,1,1,14.545129,12.592449
2022-09-11,2,1,14.563089,12.565673
2022-09-11,3,1,14.510139,12.623978
2022-09-11,4,1,14.458837,12.598273
2022-09-11,5,1,14.550493,12.601606
2022-09-11,6,1,14.545628,12.602109
2022-09-11,7,1,14.539147,12.604052
2022-09-11,8,1,14.528441,12.605187
2022-09-11,9,1,14.518655,12.61241
2022-09-11,10,1,14.479107,12.588787
2022-09-11,11,1,14.549835,12.600856
2022-09-11,12,1,14.51058,12.593631
2022-09-11,13,1,14.586188,12.523174
2022-09-11,14,1,14.550123,12.584133
2022-09-11,15,1,14.516109,12.596512
2022-09-11,16,1,14.601094,12.54276
2022-09-11,17,1,14.447364,12.605521
2022-09-11,18,1,14.483592,12.610406
2022-09-11,19,1,14.598729,12.555559
2022-09-11,20,1,14.531679,12.594065
2022-09-11,21,1,14.430379,12.609947
2022-09-11,22,1,14.532876,12.602124
2022-09-11,23,1,14.482318,12.633331
2022-09-11,24,1,14.557011,12.544459
2022-09-11,25,1,14.475871,12.596795
2022-09-11,26,1,14.520758,12.587638
2022-09-11,27,1,14.413337,12.589366
2022-09-11,28,1,14.471834,12.597464
2022-09-11,29,1,14.571449,12.554881
2022-09-11,30,1,14.5425415,12.584368
2022-09-11,0,2,14.553185,12.559902
2022-09-11,1,2,14.571434,12.5574465
2022-09-11,2,2,14.564124,12.514825
2022-09-11,3,2,14.568294,12.609723
2022-09-11,4,2,14.509232,12.583676
2022-09-11,5,2,14.582122,12.569123
2022-09-11,6,2,14.581295,12.57273
2022-09-11,7,2,14.576347,12.575804
2022-09-11,8,2,14.5686455,12.57943
2022-09-11,9,2,14.566802,12.591951
2022-09-11,10,2,14.515645,12.564412
2022-09-11,11,2,14.582303,12.569116
2022-09-11,12,2,14.54382,12.564951
2022-09-11,13,2,14.532863,12.42749
2022-09-11,14,2,14.569154,12.544655
2022-09-11,15,2,14.550039,12.567745
2022-09-11,16,2,14.573698,12.4712925
2022-09-11,17,2,14.504042,12.595063
2022-09-11,18,2,14.53811,12.596289
2022-09-11,19,2,14.585778,12.494313
2022-09-11,20,2,14.563256,12.56327
2022-09-11,21,2,14.494029,12.604723
2022-09-11,22,2,14.568985,12.573571
2022-09-11,23,2,14.556345,12.630657
2022-09-11,24,2,14.54161,12.484232
2022-09-11,25,2,14.521763,12.578399
2022-09-11,26,2,14.549025,12.555671
2022-09-11,27,2,14.462281,12.576657
2022-09-11,28,2,14.517056,12.578646
2022-09-11,29,2,14.561814,12.497245
2022-09-11,30,2,14.56389,12.546869
2022-09-11,0,3,14.837064,12.597149
2022-09-11,1,3,14.86962,12.611675
2022-09-11,2,3,14.888639,12.608494
2022-09-11,3,3,14.826078,12.605922
2022-09-11,4,3,14.745413,12.561146
2022-09-11,5,3,14.879203,12.619291
2022-09-11,6,3,14.874652,12.618744
2022-09-11,7,3,14.864336,12.614479
2022-09-11,8,3,14.848742,12.608161
2022-09-11,9,3,14.83642,12.605957
2022-09-11,10,3,14.770748,12.567132
2022-09-11,11,3,14.87926,12.6195965
2022-09-11,12,3,14.817882,12.589267
2022-09-11,13,3,14.908417,12.597436
2022-09-11,14,3,14.875094,12.610708
2022-09-11,15,3,14.826384,12.593948
2022-09-11,16,3,14.937579,12.619483
2022-09-11,17,3,14.7381,12.562219
2022-09-11,18,3,14.784825,12.583121
2022-09-11,19,3,14.939839,12.627032
2022-09-11,20,3,14.851356,12.60501
2022-09-11,21,3,14.727807,12.5624895
2022-09-11,22,3,14.853754,12.608697
2022-09-11,23,3,14.801516,12.602987
2022-09-11,24,3,14.873281,12.592548
2022-09-11,25,3,14.7703285,12.571389
2022-09-11,26,3,14.833075,12.594183
2022-09-11,27,3,14.688725,12.534619
2022-09-11,28,3,14.762627,12.567405
2022-09-11,29,3,14.897719,12.607707
2022-09-11,30,3,14.864506,12.606486
2022-09-11,0,4,14.696999,12.44766
2022-09-11,1,4,14.710165,12.44507
2022-09-11,2,4,14.702385,12.413358
2022-09-11,3,4,14.711319,12.484571
2022-09-11,4,4,14.666065,12.467249
2022-09-11,5,4,14.719002,12.453497
2022-09-11,6,4,14.717405,12.4559355
2022-09-11,7,4,14.714644,12.458616
2022-09-11,8,4,14.7093525,12.461683
2022-09-11,9,4,14.708707,12.471158
2022-09-11,10,4,14.670501,12.452738
2022-09-11,11,4,14.71853,12.453331
2022-09-11,12,4,14.691197,12.452022
2022-09-11,13,4,14.68406,12.360367
2022-09-11,14,4,14.707559,12.435504
2022-09-11,15,4,14.696076,12.453913
2022-09-11,16,4,14.70778,12.381373
2022-09-11,17,4,14.663664,12.476246
2022-09-11,18,4,14.687902,12.475555
2022-09-11,19,4,14.716116,12.396845
2022-09-11,20,4,14.704053,12.449655
2022-09-11,21,4,14.647953,12.483718
2022-09-11,22,4,14.709581,12.45735
2022-09-11,23,4,14.702724,12.500508
2022-09-11,24,4,14.684418,12.391354
2022-09-11,25,4,14.674708,12.462725
2022-09-11,26,4,14.693511,12.444599
2022-09-11,27,4,14.618581,12.464042
2022-09-11,28,4,14.672265,12.463349
2022-09-11,29,4,14.699801,12.400277
2022-09-11,30,4,14.7036295,12.437326
2022-09-11,0,5,14.784322,12.549497
2022-09-11,1,5,14.810627,12.557248
2022-09-11,2,5,14.875642,12.590787
2022-09-11,3,5,14.717556,12.513318
2022-09-11,4,5,14.689286,12.515266
2022-09-11,5,5,14.804411,12.551596
2022-09-11,6,5,14.793608,12.545631
2022-09-11,7,5,14.7842865,12.542999
2022-09-11,8,5,14.769042,12.53781
2022-09-11,9,5,14.745059,12.526668
2022-09-11,10,5,14.732978,12.535383
2022-09-11,11,5,14.802855,12.550312
2022-09-11,12,5,14.766443,12.54398
2022-09-11,13,5,14.976244,12.6449585
2022-09-11,14,5,14.829417,12.566823
2022-09-11,15,5,14.769659,12.543979
2022-09-11,16,5,14.961339,12.629402
2022-09-11,17,5,14.666059,12.506166
2022-09-11,18,5,14.702489,12.51379
2022-09-11,19,5,14.934738,12.61281
2022-09-11,20,5,14.789225,12.548728
2022-09-11,21,5,14.658738,12.512197
2022-09-11,22,5,14.780545,12.543549
2022-09-11,23,5,14.695212,12.514956
2022-09-11,24,5,14.902063,12.609943
2022-09-11,25,5,14.713007,12.523181
2022-09-11,26,5,14.786,12.551285
2022-09-11,27,5,14.6507,12.511034
2022-09-11,28,5,14.709777,12.523678
2022-09-11,29,5,14.903641,12.605088
2022-09-11,30,5,14.818575,12.562834
2022-09-11,0,6,14.755406,12.6114235
2022-09-11,1,6,14.775471,12.619295
2022-09-11,2,6,14.769706,12.60511
2022-09-11,3,6,14.76957,12.631151
2022-09-11,4,6,14.706004,12.596929
2022-09-11,5,6,14.786755,12.627301
2022-09-11,6,6,14.78497,12.627579
2022-09-11,7,6,14.779791,12.626193
2022-09-11,8,6,14.7712555,12.62355
2022-09-11,9,6,14.768578,12.625855
2022-09-11,10,6,14.714515,12.595221
2022-09-11,11,6,14.786605,12.627258
2022-09-11,12,6,14.7453375,12.608496
2022-09-11,13,6,14.764542,12.587451
2022-09-11,14,6,14.773526,12.614954
2022-09-11,15,6,14.752092,12.612135
2022-09-11,16,6,14.789035,12.603458
2022-09-11,17,6,14.700281,12.5975895
2022-09-11,18,6,14.736928,12.613571
2022-09-11,19,6,14.791624,12.60773
2022-09-11,20,6,14.765955,12.616861
2022-09-11,21,6,14.688913,12.5954
2022-09-11,22,6,14.772115,12.6222925
2022-09-11,23,6,14.7548,12.63066
2022-09-11,24,6,14.746822,12.586935
2022-09-11,25,6,14.719859,12.601386
2022-09-11,26,6,14.750959,12.608373
2022-09-11,27,6,14.6508045,12.570463
2022-09-11,28,6,14.715267,12.599462
2022-09-11,29,6,14.768163,12.59961
2022-09-11,30,6,14.767534,12.613019
2022-09-11,0,7,14.782288,12.508251
2022-09-11,1,7,14.800057,12.502412
2022-09-11,2,7,14.785453,12.454092
2022-09-11,3,7,14.80568,12.563616
2022-09-11,4,7,14.746583,12.548149
2022-09-11,5,7,14.813354,12.514335
2022-09-11,6,7,14.812253,12.518517
2022-09-11,7,7,14.808075,12.522931
2022-09-11,8,7,14.800737,12.528353
2022-09-11,9,7,14.800861,12.54317
2022-09-11,10,7,14.751179,12.523354
2022-09-11,11,7,14.813123,12.514231
2022-09-11,12,7,14.777554,12.516281
2022-09-11,13,7,14.753396,12.374021
2022-09-11,14,7,14.795441,12.487902
2022-09-11,15,7,14.782501,12.518212
2022-09-11,16,7,14.789703,12.403678
2022-09-11,17,7,14.74352,12.563301
2022-09-11,18,7,14.774814,12.555355
2022-09-11,19,7,14.804005,12.426811
2022-09-11,20,7,14.79217,12.510393
2022-09-11,21,7,14.735252,12.577642
2022-09-11,22,7,14.800349,12.521537
2022-09-11,23,7,14.794998,12.591533
2022-09-11,24,7,14.757265,12.422148
2022-09-11,25,7,14.757601,12.538366
2022-09-11,26,7,14.778384,12.504184
2022-09-11,27,7,14.703445,12.55277
2022-09-11,28,7,14.753883,12.54003
2022-09-11,29,7,14.78024,12.434065
2022-09-11,30,7,14.790176,12.491268
2022-09-11,0,8,14.568782,12.579136
2022-09-11,1,8,14.580299,12.574554
2022-09-11,2,8,14.561142,12.522744
2022-09-11,3,8,14.578719,12.633454
2022-09-11,4,8,14.4960165,12.605862
2022-09-11,5,8,14.591682,12.587484
2022-09-11,6,8,14.591476,12.593675
2022-09-11,7,8,14.589631,12.596941
2022-09-11,8,8,14.585716,12.601897
2022-09-11,9,8,14.586186,12.617169
2022-09-11,10,8,14.51912,12.583607
2022-09-11,11,8,14.591375,12.588306
2022-09-11,12,8,14.564657,12.585114
2022-09-11,13,8,14.524073,12.436252
2022-09-11,14,8,14.574344,12.559304
2022-09-11,15,8,14.569923,12.587762
2022-09-11,16,8,14.556724,12.4713745
2022-09-11,17,8,14.481118,12.616935
2022-09-11,18,8,14.536006,12.620949
2022-09-11,19,8,14.5683155,12.496892
2022-09-11,20,8,14.57637,12.583095
2022-09-11,21,8,14.458986,12.625883
2022-09-11,22,8,14.584217,12.594214
2022-09-11,23,8,14.546691,12.651627
2022-09-11,24,8,14.535865,12.486739
2022-09-11,25,8,14.519833,12.600814
2022-09-11,26,8,14.564408,12.574581
2022-09-11,27,8,14.4242525,12.5933075
2022-09-11,28,8,14.512624,12.599529
2022-09-11,29,8,14.553796,12.501158
2022-09-11,30,8,14.571369,12.562784
2022-09-12,0,1,15.3450365,12.698182
2022-09-12,1,1,15.310519,12.701702
2022-09-12,2,1,15.481014,12.711999
2022-09-12,3,1,15.159141,12.748489
2022-09-12,4,1,15.157123,12.665657
2022-09-12,5,1,15.407252,12.649666
2022-09-12,6,1,15.338744,12.74588
2022-09-12,7,1,15.342438,12.789079
2022-09-12,8,1,15.426461,12.716321
2022-09-12,9,1,15.223227,12.784528
2022-09-12,10,1,15.23312,12.729358
2022-09-12,11,1,15.408491,12.675527
2022-09-12,12,1,15.242138,12.668835
2022-09-12,13,1,15.518267,12.685409
2022-09-12,14,1,15.386465,12.688849
2022-09-12,15,1,15.406808,12.659803
2022-09-12,16,1,15.569251,12.774059
2022-09-12,17,1,15.191067,12.722738
2022-09-12,18,1,15.313613,12.730165
2022-09-12,19,1,15.47088,12.660258
2022-09-12,20,1,15.279461,12.80453
2022-09-12,21,1,15.05561,12.702887
2022-09-12,22,1,15.243066,12.697522
2022-09-12,23,1,15.179829,12.7139845
2022-09-12,24,1,15.540058,12.746301
2022-09-12,25,1,15.117551,12.739088
2022-09-12,26,1,15.407516,12.633962
2022-09-12,27,1,15.059511,12.690429
2022-09-12,28,1,15.171782,12.639421
2022-09-12,29,1,15.480864,12.756202
2022-09-12,30,1,15.380744,12.7381735
2022-09-12,0,2,15.230415,12.640147
2022-09-12,1,2,15.201886,12.632972
2022-09-12,2,2,15.307021,12.616997
2022-09-12,3,2,15.112315,12.705243
2022-09-12,4,2,15.119589,12.628933
2022-09-12,5,2,15.300647,12.590164
2022-09-12,6,2,15.222913,12.687802
2022-09-12,7,2,15.214974,12.720639
2022-09-12,8,2,15.294268,12.677802
2022-09-12,9,2,15.139706,12.721547
2022-09-12,10,2,15.155275,12.673814
2022-09-12,11,2,15.280935,12.622704
2022-09-12,12,2,15.165275,12.611428
2022-09-12,13,2,15.320763,12.524082
2022-09-12,14,2,15.249658,12.616081
2022-09-12,15,2,15.287077,12.612535
2022-09-12,16,2,15.340598,12.633062
2022-09-12,17,2,15.139635,12.6891575
2022-09-12,18,2,15.219912,12.697212
2022-09-12,19,2,15.327234,12.532629
2022-09-12,20,2,15.163968,12.721491
2022-09-12,21,2,15.05611,12.675978
2022-09-12,22,2,15.163915,12.639146
2022-09-12,23,2,15.142379,12.697176
2022-09-12,24,2,15.330804,12.62841
2022-09-12,25,2,15.078608,12.684387
2022-09-12,26,2,15.293457,12.548682
2022-09-12,27,2,15.051731,12.649477
2022-09-12,28,2,15.129965,12.598948
2022-09-12,29,2,15.283588,12.642034
2022-09-12,30,2,15.242714,12.664976
2022-09-12,0,3,15.651323,13.096533
2022-09-12,1,3,15.591891,13.063543
2022-09-12,2,3,15.773064,13.159591
2022-09-12,3,3,15.407713,12.979681
2022-09-12,4,3,15.478443,12.999124
2022-09-12,5,3,15.830742,13.178397
2022-09-12,6,3,15.597831,13.078362
2022-09-12,7,3,15.561602,13.06896
2022-09-12,8,3,15.74592,13.15216
2022-09-12,9,3,15.430632,12.99872
2022-09-12,10,3,15.483663,13.013671
2022-09-12,11,3,15.768638,13.1541815
2022-09-12,12,3,15.555119,13.037883
2022-09-12,13,3,15.821668,13.169775
2022-09-12,14,3,15.69154,13.113506
2022-09-12,15,3,15.785052,13.158314
2022-09-12,16,3,15.774782,13.167373
2022-09-12,17,3,15.483197,13.017311
2022-09-12,18,3,15.620385,13.091356
2022-09-12,19,3,15.86449,13.190645
2022-09-12,20,3,15.446291,13.008509
2022-09-12,21,3,15.344425,12.939426
2022-09-12,22,3,15.528284,13.029819
2022-09-12,23,3,15.50918,13.031918
2022-09-12,24,3,15.779851,13.167559
2022-09-12,25,3,15.336899,12.938755
2022-09-12,26,3,15.844876,13.17642
2022-09-12,27,3,15.336168,12.930357
2022-09-12,28,3,15.519126,13.01452
2022-09-12,29,3,15.68232,13.117946
2022-09-12,30,3,15.634114,13.0942745
2022-09-12,0,4,15.182509,12.655974
2022-09-12,1,4,15.147,12.652846
2022-09-12,2,4,15.255539,12.670272
2022-09-12,3,4,15.064181,12.6697445
2022-09-12,4,4,15.07542,12.617525
2022-09-12,5,4,15.281887,12.65315
2022-09-12,6,4,15.165096,12.68176
2022-09-12,7,4,15.158264,12.701296
2022-09-12,8,4,15.258161,12.686375
2022-09-12,9,4,15.08473,12.687227
2022-09-12,10,4,15.096111,12.649835
2022-09-12,11,4,15.247693,12.662863
2022-09-12,12,4,15.11775,12.628766
2022-09-12,13,4,15.268994,12.641291
2022-09-12,14,4,15.201438,12.654796
2022-09-12,15,4,15.263016,12.652602
2022-09-12,16,4,15.27115,12.695257
2022-09-12,17,4,15.094927,12.650072
2022-09-12,18,4,15.182551,12.675674
2022-09-12,19,4,15.2873535,12.644313
2022-09-12,20,4,15.096069,12.693201
2022-09-12,21,4,15.024696,12.6323395
2022-09-12,22,4,15.109732,12.646016
2022-09-12,23,4,15.106454,12.661348
2022-09-12,24,4,15.269959,12.680458
2022-09-12,25,4,15.029267,12.650066
2022-09-12,26,4,15.279261,12.625506
2022-09-12,27,4,15.017381,12.615967
2022-09-12,28,4,15.089516,12.607545
2022-09-12,29,4,15.212575,12.679575
2022-09-12,30,4,15.182519,12.674485
2022-09-12,0,5,15.114815,12.575253
2022-09-12,1,5,15.134863,12.610695
2022-09-12,2,5,15.2318125,12.617028
2022-09-12,3,5,15.043732,12.624217
2022-09-12,4,5,15.007156,12.539167
2022-09-12,5,5,15.081263,12.484786
2022-09-12,6,5,15.134133,12.625028
2022-09-12,7,5,15.151115,12.659294
2022-09-12,8,5,15.095088,12.539749
2022-09-12,9,5,15.102721,12.664435
2022-09-12,10,5,15.096454,12.615105
2022-09-12,11,5,15.101574,12.530002
2022-09-12,12,5,15.079074,12.570403
2022-09-12,13,5,15.363083,12.654704
2022-09-12,14,5,15.156033,12.589618
2022-09-12,15,5,15.072002,12.489504
2022-09-12,16,5,15.372692,12.713195
2022-09-12,17,5,15.014094,12.560563
2022-09-12,18,5,15.041497,12.544111
2022-09-12,19,5,15.251146,12.584639
2022-09-12,20,5,15.175848,12.710027
2022-09-12,21,5,14.978674,12.572908
2022-09-12,22,5,15.094012,12.602635
2022-09-12,23,5,14.974932,12.538083
2022-09-12,24,5,15.305335,12.660053
2022-09-12,25,5,15.070719,12.648033
2022-09-12,26,5,15.060022,12.444384
2022-09-12,27,5,15.00591,12.580952
2022-09-12,28,5,15.009408,12.522082
2022-09-12,29,5,15.298204,12.697128
2022-09-12,30,5,15.174833,12.632429
2022-09-12,0,6,15.581312,13.037985
2022-09-12,1,6,15.541347,13.019984
2022-09-12,2,6,15.708731,13.09775
2022-09-12,3,6,15.348986,12.93211
2022-09-12,4,6,15.422488,12.962119
2022-09-12,5,6,15.75003,13.114866
2022-09-12,6,6,15.528418,13.01557
2022-09-12,7,6,15.486292,12.9973545
2022-09-12,8,6,15.656653,13.0739
2022-09-12,9,6,15.3705635,12.943324
2022-09-12,10,6,15.426941,12.96645
2022-09-12,11,6,15.685722,13.086235
2022-09-12,12,6,15.5059595,13.00185
2022-09-12,13,6,15.802556,13.140526
2022-09-12,14,6,15.630312,13.0607195
2022-09-12,15,6,15.7041025,13.093454
2022-09-12,16,6,15.73143,13.11072
2022-09-12,17,6,15.401103,12.954049
2022-09-12,18,6,15.525374,13.012691
2022-09-12,19,6,15.816118,13.145657
2022-09-12,20,6,15.396636,12.955992
2022-09-12,21,6,15.281708,12.897709
2022-09-12,22,6,15.480591,12.991607
2022-09-12,23,6,15.415588,12.961631
2022-09-12,24,6,15.72163,13.104278
2022-09-12,25,6,15.298639,12.907339
2022-09-12,26,6,15.772955,13.123445
2022-09-12,27,6,15.28479,12.897701
2022-09-12,28,6,15.466653,12.982031
2022-09-12,29,6,15.637856,13.066264
2022-09-12,30,6,15.570962,13.034753
2022-09-12,0,7,15.622871,12.69424
2022-09-12,1,7,15.590773,12.695254
2022-09-12,2,7,15.716597,12.692188
2022-09-12,3,7,15.48471,12.748186
2022-09-12,4,7,15.492476,12.663586
2022-09-12,5,7,15.711279,12.656126
2022-09-12,6,7,15.61302,12.742733
2022-09-12,7,7,15.609539,12.779061
2022-09-12,8,7,15.695936,12.725931
2022-09-12,9,7,15.521161,12.773737
2022-09-12,10,7,15.531732,12.711751
2022-09-12,11,7,15.685894,12.685526
2022-09-12,12,7,15.547961,12.664518
2022-09-12,13,7,15.74806,12.631449
2022-09-12,14,7,15.649403,12.683747
2022-09-12,15,7,15.691368,12.665318
2022-09-12,16,7,15.757752,12.724927
2022-09-12,17,7,15.515973,12.717423
2022-09-12,18,7,15.612443,12.735599
2022-09-12,19,7,15.749252,12.63187
2022-09-12,20,7,15.548507,12.780014
2022-09-12,21,7,15.414126,12.695625
2022-09-12,22,7,15.544647,12.694526
2022-09-12,23,7,15.520971,12.731156
2022-09-12,24,7,15.742752,12.7045765
2022-09-12,25,7,15.440897,12.719591
2022-09-12,26,7,15.704142,12.612357
2022-09-12,27,7,15.408736,12.669217
2022-09-12,28,7,15.506122,12.640451
2022-09-12,29,7,15.687794,12.720106
2022-09-12,30,7,15.6365185,12.724502
2022-09-12,0,8,15.238228,12.842029
2022-09-12,1,8,15.203715,12.832128
2022-09-12,2,8,15.293754,12.854281
2022-09-12,3,8,15.126669,12.836835
2022-09-12,4,8,15.114156,12.792767
2022-09-12,5,8,15.325224,12.845873
2022-09-12,6,8,15.23744,12.862244
2022-09-12,7,8,15.238234,12.879933
2022-09-12,8,8,15.322617,12.878765
2022-09-12,9,8,15.158671,12.862158
2022-09-12,10,8,15.147276,12.825325
2022-09-12,11,8,15.302162,12.853194
2022-09-12,12,8,15.1685915,12.810279
2022-09-12,13,8,15.270763,12.819353
2022-09-12,14,8,15.2504635,12.838661
2022-09-12,15,8,15.308321,12.847873
2022-09-12,16,8,15.3032875,12.870458
2022-09-12,17,8,15.141999,12.825086
2022-09-12,18,8,15.245525,12.861661
2022-09-12,19,8,15.305198,12.827213
2022-09-12,20,8,15.167178,12.868641
2022-09-12,21,8,15.037236,12.790172
2022-09-12,22,8,15.169442,12.822344
2022-09-12,23,8,15.175622,12.83903
2022-09-12,24,8,15.299257,12.862393
2022-09-12,25,8,15.055265,12.809352
2022-09-12,26,8,15.310013,12.823383
2022-09-12,27,8,15.02043,12.774878
2022-09-12,28,8,15.126132,12.786373
2022-09-12,29,8,15.254456,12.856197
2022-09-12,30,8,15.242009,12.856093
2022-09-13,0,1,15.8142605,13.129258
2022-09-13,1,1,15.781386,13.1166525
2022-09-13,2,1,15.916309,13.188872
2022-09-13,3,1,15.620692,13.051346
2022-09-13,4,1,15.883452,13.135414
2022-09-13,5,1,16.100292,13.239288
2022-09-13,6,1,15.712083,13.090118
2022-09-13,7,1,15.64645,13.072256
2022-09-13,8,1,16.034151,13.242278
2022-09-13,9,1,15.604862,13.062845
2022-09-13,10,1,15.585386,13.009466
2022-09-13,11,1,16.096193,13.271374
2022-09-13,12,1,15.698752,13.057834
2022-09-13,13,1,15.799153,13.142906
2022-09-13,14,1,15.808923,13.1278925
2022-09-13,15,1,16.12212,13.273214
2022-09-13,16,1,16.038652,13.309555
2022-09-13,17,1,15.616418,13.023313
2022-09-13,18,1,15.951658,13.207038
2022-09-13,19,1,15.904565,13.168468
2022-09-13,20,1,15.674707,13.124234
2022-09-13,21,1,15.630511,12.973311
2022-09-13,22,1,15.714373,13.057501
2022-09-13,23,1,15.730433,13.075076
2022-09-13,24,1,15.921545,13.220881
2022-09-13,25,1,15.601346,13.039323
2022-09-13,26,1,16.066818,13.225028
2022-09-13,27,1,15.508203,12.961288
2022-09-13,28,1,15.574427,12.975302
2022-09-13,29,1,15.873867,13.21272
2022-09-13,30,1,15.721247,13.092429
2022-09-13,0,2,15.84427,12.756574
2022-09-13,1,2,15.81686,12.748607
2022-09-13,2,2,15.944043,12.801304
2022-09-13,3,2,15.622919,12.6515875
2022-09-13,4,2,15.854099,12.632727
2022-09-13,5,2,16.038664,12.671019
2022-09-13,6,2,15.765047,12.800764
2022-09-13,7,2,15.709775,12.811718
2022-09-13,8,2,15.978882,12.810217
2022-09-13,9,2,15.611257,12.722356
2022-09-13,10,2,15.6724825,12.834838
2022-09-13,11,2,16.015848,12.731607
2022-09-13,12,2,15.760984,12.729834
2022-09-13,13,2,15.888287,12.735852
2022-09-13,14,2,15.857532,12.74361
2022-09-13,15,2,16.036503,12.735363
2022-09-13,16,2,15.926589,12.598986
2022-09-13,17,2,15.666525,12.787941
2022-09-13,18,2,15.896496,12.780434
2022-09-13,19,2,15.969997,12.749041
2022-09-13,20,2,15.634643,12.709373
2022-09-13,21,2,15.637334,12.477803
2022-09-13,22,2,15.742594,12.571954
2022-09-13,23,2,15.736197,12.806372
2022-09-13,24,2,15.930904,12.737329
2022-09-13,25,2,15.598705,12.603394
2022-09-13,26,2,16.025702,12.709437
2022-09-13,27,2,15.575006,12.744125
2022-09-13,28,2,15.673246,12.73212
2022-09-13,29,2,15.870165,12.708599
2022-09-13,30,2,15.794765,12.809313
2022-09-13,0,3,16.331573,13.548207
2022-09-13,1,3,16.27685,13.515198
2022-09-13,2,3,16.465883,13.637138
2022-09-13,3,3,16.089052,13.379942
2022-09-13,4,3,16.452435,13.564134
2022-09-13,5,3,16.797916,13.757211
2022-09-13,6,3,16.171515,13.473696
2022-09-13,7,3,16.087482,13.440047
2022-09-13,8,3,16.575684,13.677932
2022-09-13,9,3,16.013428,13.367136
2022-09-13,10,3,15.973202,13.387351
2022-09-13,11,3,16.701023,13.722775
2022-09-13,12,3,16.18352,13.4647
2022-09-13,13,3,16.357077,13.5911255
2022-09-13,14,3,16.35446,13.563212
2022-09-13,15,3,16.731325,13.740496
2022-09-13,16,3,16.618567,13.659837
2022-09-13,17,3,16.033413,13.400635
2022-09-13,18,3,16.452343,13.603621
2022-09-13,19,3,16.534813,13.666526
2022-09-13,20,3,16.048145,13.382607
2022-09-13,21,3,16.251295,13.42479
2022-09-13,22,3,16.310614,13.480936
2022-09-13,23,3,16.16071,13.459885
2022-09-13,24,3,16.492075,13.6375675
2022-09-13,25,3,16.052195,13.352536
2022-09-13,26,3,16.710861,13.7312765
2022-09-13,27,3,15.886491,13.315573
2022-09-13,28,3,16.03651,13.393637
2022-09-13,29,3,16.395555,13.581019
2022-09-13,30,3,16.189802,13.492036
2022-09-13,0,4,15.686811,12.958138
2022-09-13,1,4,15.641167,12.935015
2022-09-13,2,4,15.792,13.023362
2022-09-13,3,4,15.461361,12.804489
2022-09-13,4,4,15.753344,12.873328
2022-09-13,5,4,15.970712,12.968592
2022-09-13,6,4,15.58661,12.954414
2022-09-13,7,4,15.515208,12.938503
2022-09-13,8,4,15.902496,13.039102
2022-09-13,9,4,15.436443,12.851182
2022-09-13,10,4,15.494285,12.964186
2022-09-13,11,4,15.938286,12.993554
2022-09-13,12,4,15.576467,12.914785
2022-09-13,13,4,15.64568,12.974675
2022-09-13,14,4,15.674098,12.948909
2022-09-13,15,4,15.9802,13.015547
2022-09-13,16,4,15.760518,12.870888
2022-09-13,17,4,15.520805,12.936416
2022-09-13,18,4,15.818496,12.99284
2022-09-13,19,4,15.793198,13.003596
2022-09-13,20,4,15.452704,12.849271
2022-09-13,21,4,15.542002,12.735403
2022-09-13,22,4,15.566846,12.793899
2022-09-13,23,4,15.618681,12.9579
2022-09-13,24,4,15.769692,12.979083
2022-09-13,25,4,15.431676,12.772579
2022-09-13,26,4,15.944073,13.007338
2022-09-13,27,4,15.418907,12.885679
2022-09-13,28,4,15.481882,12.902624
2022-09-13,29,4,15.665332,12.918366
2022-09-13,30,4,15.604851,12.975082
2022-09-13,0,5,15.47404,12.647821
2022-09-13,1,5,15.526591,12.676505
2022-09-13,2,5,15.650701,12.715754
2022-09-13,3,5,15.324508,12.603778
2022-09-13,4,5,15.525414,12.593639
2022-09-13,5,5,15.526805,12.52951
2022-09-13,6,5,15.483197,12.705148
2022-09-13,7,5,15.389063,12.693567
2022-09-13,8,5,15.581528,12.638536
2022-09-13,9,5,15.334422,12.6401005
2022-09-13,10,5,15.413949,12.727841
2022-09-13,11,5,15.597019,12.591579
2022-09-13,12,5,15.416585,12.650402
2022-09-13,13,5,15.584616,12.730217
2022-09-13,14,5,15.471154,12.650849
2022-09-13,15,5,15.560524,12.569361
2022-09-13,16,5,15.9793625,12.885306
2022-09-13,17,5,15.30112,12.643376
2022-09-13,18,5,15.491082,12.603751
2022-09-13,19,5,15.645829,12.704406
2022-09-13,20,5,15.484884,12.712938
2022-09-13,21,5,15.507072,12.672897
2022-09-13,22,5,15.482066,12.642144
2022-09-13,23,5,15.386866,12.648213
2022-09-13,24,5,15.657113,12.703029
2022-09-13,25,5,15.446261,12.680812
2022-09-13,26,5,15.504975,12.563182
2022-09-13,27,5,15.285523,12.646597
2022-09-13,28,5,15.276157,12.63487
2022-09-13,29,5,15.602532,12.70106
2022-09-13,30,5,15.523893,12.726402
2022-09-13,0,6,16.194248,13.512612
2022-09-13,1,6,16.150644,13.484678
2022-09-13,2,6,16.291803,13.592092
2022-09-13,3,6,15.974082,13.359691
2022-09-13,4,6,16.303827,13.5623665
2022-09-13,5,6,16.559624,13.758118
2022-09-13,6,6,16.045586,13.419239
2022-09-13,7,6,15.946326,13.368522
2022-09-13,8,6,16.370028,13.624744
2022-09-13,9,6,15.878573,13.320228
2022-09-13,10,6,15.859202,13.31909
2022-09-13,11,6,16.47354,13.698826
2022-09-13,12,6,16.092045,13.442637
2022-09-13,13,6,16.234785,13.579534
2022-09-13,14,6,16.212826,13.535304
2022-09-13,15,6,16.507742,13.718259
2022-09-13,16,6,16.41046,13.66651
2022-09-13,17,6,15.923894,13.339154
2022-09-13,18,6,16.277037,13.549111
2022-09-13,19,6,16.359324,13.653599
2022-09-13,20,6,15.908137,13.339546
2022-09-13,21,6,16.14552,13.439175
2022-09-13,22,6,16.186193,13.4956875
2022-09-13,23,6,16.041418,13.397428
2022-09-13,24,6,16.314861,13.605255
2022-09-13,25,6,15.954042,13.347542
2022-09-13,26,6,16.508749,13.730597
2022-09-13,27,6,15.792096,13.266856
2022-09-13,28,6,15.971342,13.372744
2022-09-13,29,6,16.236506,13.553441
2022-09-13,30,6,16.072186,13.438135
2022-09-13,0,7,16.433619,13.090564
2022-09-13,1,7,16.389973,13.074632
2022-09-13,2,7,16.57276,13.159429
2022-09-13,3,7,16.147472,12.925507
2022-09-13,4,7,16.43916,12.920006
2022-09-13,5,7,16.69978,12.999156
2022-09-13,6,7,16.333935,13.134465
2022-09-13,7,7,16.264145,13.137889
2022-09-13,8,7,16.633854,13.156813
2022-09-13,9,7,16.14696,13.017276
2022-09-13,10,7,16.24587,13.172522
2022-09-13,11,7,16.670933,13.063681
2022-09-13,12,7,16.322615,13.054564
2022-09-13,13,7,16.481827,13.107122
2022-09-13,14,7,16.43986,13.078562
2022-09-13,15,7,16.709307,13.074539
2022-09-13,16,7,16.511656,12.905251
2022-09-13,17,7,16.242205,13.11506
2022-09-13,18,7,16.523401,13.109988
2022-09-13,19,7,16.602642,13.116493
2022-09-13,20,7,16.168352,13.005107
2022-09-13,21,7,16.180775,12.757188
2022-09-13,22,7,16.2725,12.857364
2022-09-13,23,7,16.326744,13.132488
2022-09-13,24,7,16.54338,13.081947
2022-09-13,25,7,16.110542,12.867296
2022-09-13,26,7,16.696552,13.062774
2022-09-13,27,7,16.13242,13.052556
2022-09-13,28,7,16.230259,13.061462
2022-09-13,29,7,16.436403,13.028556
2022-09-13,30,7,16.368816,13.154647
2022-09-13,0,8,15.711682,13.041106
2022-09-13,1,8,15.657321,13.015646
2022-09-13,2,8,15.800462,13.090764
2022-09-13,3,8,15.478922,12.902135
2022-09-13,4,8,15.712858,12.964168
2022-09-13,5,8,15.947221,13.0566845
2022-09-13,6,8,15.636086,13.03667
2022-09-13,7,8,15.58916,13.035698
2022-09-13,8,8,15.935353,13.125298
2022-09-13,9,8,15.485443,12.948495
2022-09-13,10,8,15.547105,13.038273
2022-09-13,11,8,15.932735,13.081705
2022-09-13,12,8,15.597322,12.995958
2022-09-13,13,8,15.623507,13.028953
2022-09-13,14,8,15.69025,13.0322695
2022-09-13,15,8,15.976491,13.101612
2022-09-13,16,8,15.700114,12.941362
2022-09-13,17,8,15.562445,13.014489
2022-09-13,18,8,15.843634,13.0812
2022-09-13,19,8,15.771657,13.06192
2022-09-13,20,8,15.484032,12.937674
2022-09-13,21,8,15.4803915,12.826208
2022-09-13,22,8,15.550141,12.889468
2022-09-13,23,8,15.668877,13.045443
2022-09-13,24,8,15.755491,13.043679
2022-09-13,25,8,15.408863,12.858609
2022-09-13,26,8,15.929902,13.085397
2022-09-13,27,8,15.422531,12.951009
2022-09-13,28,8,15.506099,12.978318
2022-09-13,29,8,15.657116,13.000068
2022-09-13,30,8,15.646711,13.049271
2022-09-14,0,1,15.871538,13.295017
2022-09-14,1,1,15.75264,13.2932005
2022-09-14,2,1,15.971758,13.391705
2022-09-14,3,1,15.718657,13.113771
2022-09-14,4,1,16.057585,13.281516
2022-09-14,5,1,16.063972,13.397811
2022-09-14,6,1,16.048138,13.429314
2022-09-14,7,1,15.592602,13.127869
2022-09-14,8,1,16.171003,13.476178
2022-09-14,9,1,15.6474285,13.10878
2022-09-14,10,1,15.63959,13.196787
2022-09-14,11,1,16.12513,13.396163
2022-09-14,12,1,15.711877,13.185022
2022-09-14,13,1,15.846431,13.355537
2022-09-14,14,1,15.86109,13.288168
2022-09-14,15,1,16.198215,13.468826
2022-09-14,16,1,16.039389,13.318247
2022-09-14,17,1,15.688478,13.2151165
2022-09-14,18,1,15.911609,13.306796
2022-09-14,19,1,16.07742,13.458582
2022-09-14,20,1,15.642714,13.081924
2022-09-14,21,1,15.603441,13.007537
2022-09-14,22,1,15.626723,13.100505
2022-09-14,23,1,15.70005,13.199707
2022-09-14,24,1,15.993247,13.32977
2022-09-14,25,1,15.619746,13.048777
2022-09-14,26,1,16.100338,13.400029
2022-09-14,27,1,15.514909,13.123338
2022-09-14,28,1,15.615497,13.186244
2022-09-14,29,1,15.703979,13.177894
2022-09-14,30,1,15.570307,13.1647835
2022-09-14,0,2,15.855304,12.838083
2022-09-14,1,2,15.61327,12.6438055
2022-09-14,2,2,15.858569,12.859183
2022-09-14,3,2,15.818636,12.789726
2022-09-14,4,2,16.116398,12.780866
2022-09-14,5,2,16.012842,12.831142
2022-09-14,6,2,15.797073,12.603737
2022-09-14,7,2,15.676585,12.915623
2022-09-14,8,2,16.01021,12.79661
2022-09-14,9,2,15.727691,12.831108
2022-09-14,10,2,15.654647,12.897833
2022-09-14,11,2,16.100288,12.896784
2022-09-14,12,2,15.8112135,12.937238
2022-09-14,13,2,15.687202,12.780319
2022-09-14,14,2,15.846523,12.829117
2022-09-14,15,2,16.086693,12.842978
2022-09-14,16,2,15.92088,12.809251
2022-09-14,17,2,15.686018,12.779341
2022-09-14,18,2,15.91123,12.860584
2022-09-14,19,2,15.915,12.800925
2022-09-14,20,2,15.753847,12.909568
2022-09-14,21,2,15.681148,12.611559
2022-09-14,22,2,15.671459,12.761323
2022-09-14,23,2,15.7838125,12.911479
2022-09-14,24,2,15.937656,12.909757
2022-09-14,25,2,15.768803,12.772583
2022-09-14,26,2,16.105593,12.944605
2022-09-14,27,2,15.456864,12.501184
2022-09-14,28,2,15.666646,12.797062
2022-09-14,29,2,15.7529335,12.915961
2022-09-14,30,2,15.652017,12.958941
2022-09-14,0,3,16.619738,13.777879
2022-09-14,1,3,16.280704,13.566643
2022-09-14,2,3,16.708578,13.831285
2022-09-14,3,3,16.460268,13.671107
2022-09-14,4,3,17.044064,13.987032
2022-09-14,5,3,16.887058,13.937865
2022-09-14,6,3,16.799902,13.804992
2022-09-14,7,3,16.202972,13.559072
2022-09-14,8,3,17.024235,13.975839
2022-09-14,9,3,16.30891,13.596117
2022-09-14,10,3,16.162113,13.534247
2022-09-14,11,3,17.041798,14.025668
2022-09-14,12,3,16.373587,13.672615
2022-09-14,13,3,16.454222,13.686536
2022-09-14,14,3,16.62804,13.788945
2022-09-14,15,3,17.06265,14.0107355
2022-09-14,16,3,16.805826,13.885253
2022-09-14,17,3,16.278936,13.561315
2022-09-14,18,3,16.683758,13.815144
2022-09-14,19,3,16.89145,13.927995
2022-09-14,20,3,16.311323,13.624552
2022-09-14,21,3,16.370739,13.617705
2022-09-14,22,3,16.249287,13.583703
2022-09-14,23,3,16.342194,13.637021
2022-09-14,24,3,16.819143,13.901703
2022-09-14,25,3,16.330017,13.610603
2022-09-14,26,3,16.998335,14.015294
2022-09-14,27,3,16.057367,13.411737
2022-09-14,28,3,16.17013,13.524882
2022-09-14,29,3,16.351547,13.668041
2022-09-14,30,3,16.10454,13.535376
2022-09-14,0,4,15.620074,12.991411
2022-09-14,1,4,15.181521,12.74355
2022-09-14,2,4,15.644338,13.009833
2022-09-14,3,4,15.563746,12.937793
2022-09-14,4,4,16.042284,13.120114
2022-09-14,5,4,15.703203,13.03603
2022-09-14,6,4,15.672514,12.849132
2022-09-14,7,4,15.367525,12.93475
2022-09-14,8,4,15.907366,13.057805
2022-09-14,9,4,15.460925,12.920563
2022-09-14,10,4,15.378754,12.938575
2022-09-14,11,4,15.968142,13.159585
2022-09-14,12,4,15.530785,13.028859
2022-09-14,13,4,15.344013,12.868145
2022-09-14,14,4,15.588665,12.97691
2022-09-14,15,4,15.952649,13.118836
2022-09-14,16,4,15.640519,12.994191
2022-09-14,17,4,15.39986,12.872644
2022-09-14,18,4,15.687941,13.033888
2022-09-14,19,4,15.7211075,13.005406
2022-09-14,20,4,15.501121,12.989718
2022-09-14,21,4,15.386985,12.85508
2022-09-14,22,4,15.259599,12.8539715
2022-09-14,23,4,15.509884,12.992006
2022-09-14,24,4,15.795775,13.101199
2022-09-14,25,4,15.447328,12.906155
2022-09-14,26,4,15.958873,13.196936
2022-09-14,27,4,15.06883,12.645235
2022-09-14,28,4,15.288697,12.856951
2022-09-14,29,4,15.364938,12.961645
2022-09-14,30,4,15.254464,12.937763
2022-09-14,0,5,15.118634,12.593446
2022-09-14,1,5,14.999517,12.628222
2022-09-14,2,5,15.324304,12.787177
2022-09-14,3,5,15.050189,12.524862
2022-09-14,4,5,15.230207,12.484062
2022-09-14,5,5,15.009144,12.494856
2022-09-14,6,5,15.607153,12.904254
2022-09-14,7,5,15.076028,12.65989
2022-09-14,8,5,15.224725,12.582961
2022-09-14,9,5,15.040642,12.5720005
2022-09-14,10,5,15.227579,12.77729
2022-09-14,11,5,15.161931,12.545402
2022-09-14,12,5,15.181654,12.687115
2022-09-14,13,5,15.459613,12.9787655
2022-09-14,14,5,15.1392355,12.61009
2022-09-14,15,5,15.1443615,12.517596
2022-09-14,16,5,15.142969,12.557157
2022-09-14,17,5,15.068504,12.635911
2022-09-14,18,5,14.977413,12.503943
2022-09-14,19,5,15.569604,12.916497
2022-09-14,20,5,15.099985,12.620675
2022-09-14,21,5,14.977941,12.454485
2022-09-14,22,5,14.915374,12.51512
2022-09-14,23,5,15.018134,12.5982485
2022-09-14,24,5,15.384676,12.745795
2022-09-14,25,5,14.975521,12.505633
2022-09-14,26,5,15.355431,12.689016
2022-09-14,27,5,15.021115,12.670254
2022-09-14,28,5,15.0317545,12.636382
2022-09-14,29,5,14.934106,12.599375
2022-09-14,30,5,14.873897,12.632731
2022-09-14,0,6,16.366734,13.694791
2022-09-14,1,6,16.088049,13.526636
2022-09-14,2,6,16.42099,13.733305
2022-09-14,3,6,16.267166,13.604113
2022-09-14,4,6,16.723362,13.890165
2022-09-14,5,6,16.577433,13.869664
2022-09-14,6,6,16.450207,13.683952
2022-09-14,7,6,15.948116,13.479769
2022-09-14,8,6,16.619211,13.829394
2022-09-14,9,6,16.099081,13.513006
2022-09-14,10,6,15.892016,13.438946
2022-09-14,11,6,16.676233,13.892611
2022-09-14,12,6,16.174715,13.627505
2022-09-14,13,6,16.235767,13.667984
2022-09-14,14,6,16.3759,13.7077465
2022-09-14,15,6,16.691452,13.897686
2022-09-14,16,6,16.539877,13.824612
2022-09-14,17,6,16.04628,13.480869
2022-09-14,18,6,16.395245,13.708994
2022-09-14,19,6,16.551888,13.814123
2022-09-14,20,6,16.099688,13.540364
2022-09-14,21,6,16.25195,13.62267
2022-09-14,22,6,16.170824,13.618351
2022-09-14,23,6,16.10583,13.550401
2022-09-14,24,6,16.520086,13.791862
2022-09-14,25,6,16.1939,13.560844
2022-09-14,26,6,16.665941,13.910979
2022-09-14,27,6,15.8347645,13.320161
2022-09-14,28,6,15.978851,13.501184
2022-09-14,29,6,16.169336,13.638897
2022-09-14,30,6,15.859736,13.492809
2022-09-14,0,7,16.427116,13.263946
2022-09-14,1,7,15.973967,12.973157
2022-09-14,2,7,16.438675,13.288544
2022-09-14,3,7,16.357925,13.18124
2022-09-14,4,7,16.75115,13.230443
2022-09-14,5,7,16.461,13.210422
2022-09-14,6,7,16.38963,13.015571
2022-09-14,7,7,16.164545,13.299706
2022-09-14,8,7,16.659576,13.256877
2022-09-14,9,7,16.238956,13.212027
2022-09-14,10,7,16.14983,13.278939
2022-09-14,11,7,16.700176,13.352041
2022-09-14,12,7,16.352962,13.353839
2022-09-14,13,7,16.174482,13.164793
2022-09-14,14,7,16.41766,13.259799
2022-09-14,15,7,16.690268,13.287789
2022-09-14,16,7,16.416521,13.198258
2022-09-14,17,7,16.17362,13.148461
2022-09-14,18,7,16.477018,13.290962
2022-09-14,19,7,16.532835,13.248957
2022-09-14,20,7,16.286037,13.310686
2022-09-14,21,7,16.175085,13.010104
2022-09-14,22,7,16.09744,13.103518
2022-09-14,23,7,16.298431,13.3085165
2022-09-14,24,7,16.606575,13.390331
2022-09-14,25,7,16.262234,13.147699
2022-09-14,26,7,16.734707,13.42455
2022-09-14,27,7,15.810526,12.824408
2022-09-14,28,7,16.104538,13.150445
2022-09-14,29,7,16.231499,13.311918
2022-09-14,30,7,16.063866,13.315669
2022-09-14,0,8,15.759699,13.124218
2022-09-14,1,8,15.3051,12.8989
2022-09-14,2,8,15.767463,13.132006
2022-09-14,3,8,15.677119,13.07159
2022-09-14,4,8,16.114372,13.231489
2022-09-14,5,8,15.781408,13.141533
2022-09-14,6,8,15.758861,13.010259
2022-09-14,7,8,15.581023,13.079062
2022-09-14,8,8,16.046726,13.202952
2022-09-14,9,8,15.615222,13.063265
2022-09-14,10,8,15.547518,13.059412
2022-09-14,11,8,16.107937,13.294803
2022-09-14,12,8,15.676607,13.142431
2022-09-14,13,8,15.429598,12.976428
2022-09-14,14,8,15.728326,13.115493
2022-09-14,15,8,16.074469,13.235185
2022-09-14,16,8,15.699805,13.1083355
2022-09-14,17,8,15.535308,12.992025
2022-09-14,18,8,15.860397,13.172531
2022-09-14,19,8,15.786145,13.121541
2022-09-14,20,8,15.652478,13.1243925
2022-09-14,21,8,15.268677,12.885169
2022-09-14,22,8,15.25645,12.95852
2022-09-14,23,8,15.687721,13.120489
2022-09-14,24,8,15.898445,13.204344
2022-09-14,25,8,15.535018,13.028305
2022-09-14,26,8,16.082626,13.299536
2022-09-14,27,8,15.130725,12.767565
2022-09-14,28,8,15.411571,12.972616
2022-09-14,29,8,15.533753,13.092312
2022-09-14,30,8,15.441925,13.077922
2022-09-15,0,1,16.233927,13.707743
2022-09-15,1,1,16.044239,13.516542
2022-09-15,2,1,16.309916,13.74424
2022-09-15,3,1,16.340614,13.67137
2022-09-15,4,1,16.529003,13.845289
2022-09-15,5,1,16.416203,13.909158
2022-09-15,6,1,16.456757,13.606153
2022-09-15,7,1,15.785779,13.609322
2022-09-15,8,1,16.505375,13.809888
2022-09-15,9,1,15.819706,13.549621
2022-09-15,10,1,15.617112,13.41508
2022-09-15,11,1,16.646019,13.984398
2022-09-15,12,1,15.804361,13.578215
2022-09-15,13,1,15.970572,13.744972
2022-09-15,14,1,16.278963,13.734419
2022-09-15,15,1,16.721457,14.001881
2022-09-15,16,1,16.49268,13.968552
2022-09-15,17,1,15.875968,13.443939
2022-09-15,18,1,16.454916,13.778494
2022-09-15,19,1,16.461052,13.825393
2022-09-15,20,1,16.071705,13.712935
2022-09-15,21,1,15.864902,13.557595
2022-09-15,22,1,16.03743,13.583774
2022-09-15,23,1,16.282076,13.624789
2022-09-15,24,1,16.472904,13.914757
2022-09-15,25,1,16.292418,13.690968
2022-09-15,26,1,16.412224,13.884116
2022-09-15,27,1,15.452448,13.094364
2022-09-15,28,1,15.903964,13.5473175
2022-09-15,29,1,15.850595,13.7676935
2022-09-15,30,1,15.468376,13.524683
2022-09-15,0,2,15.837378,13.03776
2022-09-15,1,2,15.622947,12.772796
2022-09-15,2,2,15.941158,13.19174
2022-09-15,3,2,15.744128,12.443729
2022-09-15,4,2,16.151415,13.0892105
2022-09-15,5,2,15.797063,12.922138
2022-09-15,6,2,16.038406,12.877944
2022-09-15,7,2,15.601867,13.010269
2022-09-15,8,2,15.975728,13.006337
2022-09-15,9,2,15.527833,12.771623
2022-09-15,10,2,15.6464615,13.170056
2022-09-15,11,2,16.035498,12.999034
2022-09-15,12,2,15.707348,13.189496
2022-09-15,13,2,15.58692,13.086149
2022-09-15,14,2,15.861058,13.04567
2022-09-15,15,2,16.114176,13.010652
2022-09-15,16,2,15.887797,13.080467
2022-09-15,17,2,15.787753,13.056422
2022-09-15,18,2,15.987403,12.965723
2022-09-15,19,2,15.964721,13.128747
2022-09-15,20,2,15.662156,12.92176
2022-09-15,21,2,15.575408,12.712574
2022-09-15,22,2,15.310403,12.260971
2022-09-15,23,2,15.7443075,12.643792
2022-09-15,24,2,15.977783,13.178886
2022-09-15,25,2,15.83947,12.70806
2022-09-15,26,2,15.9976845,13.28604
2022-09-15,27,2,15.280174,12.573708
2022-09-15,28,2,15.608934,12.874944
2022-09-15,29,2,15.502242,13.043287
2022-09-15,30,2,15.383791,13.041263
2022-09-15,0,3,16.791487,14.007496
2022-09-15,1,3,16.547962,13.83192
2022-09-15,2,3,16.888456,14.074577
2022-09-15,3,3,16.957882,13.976959
2022-09-15,4,3,17.051208,14.130241
2022-09-15,5,3,16.865326,14.041015
2022-09-15,6,3,17.016356,14.071418
2022-09-15,7,3,16.371391,13.77826
2022-09-15,8,3,16.972303,14.080735
2022-09-15,9,3,16.251934,13.673233
2022-09-15,10,3,16.378765,13.82125
2022-09-15,11,3,17.11404,14.122028
2022-09-15,12,3,16.527763,13.914813
2022-09-15,13,3,16.617863,13.945983
2022-09-15,14,3,16.82676,14.024155
2022-09-15,15,3,17.170061,14.147875
2022-09-15,16,3,16.863693,14.069731
2022-09-15,17,3,16.507837,13.87021
2022-09-15,18,3,16.956846,14.04925
2022-09-15,19,3,17.006048,14.117508
2022-09-15,20,3,16.52085,13.842738
2022-09-15,21,3,16.316484,13.738796
2022-09-15,22,3,16.320839,13.597325
2022-09-15,23,3,16.87105,13.939914
2022-09-15,24,3,16.952969,14.091594
2022-09-15,25,3,16.822191,13.952088
2022-09-15,26,3,16.937492,14.1415825
2022-09-15,27,3,15.961914,13.488268
2022-09-15,28,3,16.477713,13.808687
2022-09-15,29,3,16.366741,13.808318
2022-09-15,30,3,16.13067,13.6661215
2022-09-15,0,4,15.469335,13.018681
2022-09-15,1,4,15.06756,12.720768
2022-09-15,2,4,15.645185,13.132318
2022-09-15,3,4,15.36746,12.69958
2022-09-15,4,4,15.888339,13.240836
2022-09-15,5,4,15.241979,12.863958
2022-09-15,6,4,15.702834,13.023819
2022-09-15,7,4,15.208741,12.917886
2022-09-15,8,4,15.592869,13.049388
2022-09-15,9,4,15.038109,12.776522
2022-09-15,10,4,15.357868,13.070905
2022-09-15,11,4,15.733108,13.064112
2022-09-15,12,4,15.393058,13.094864
2022-09-15,13,4,15.211147,12.948621
2022-09-15,14,4,15.499282,13.025457
2022-09-15,15,4,15.809864,13.082403
2022-09-15,16,4,15.372967,13.000102
2022-09-15,17,4,15.394564,13.023319
2022-09-15,18,4,15.623602,12.997105
2022-09-15,19,4,15.683211,13.114143
2022-09-15,20,4,15.250083,12.894085
2022-09-15,21,4,15.002869,12.780471
2022-09-15,22,4,14.822708,12.402314
2022-09-15,23,4,15.403587,12.74658
2022-09-15,24,4,15.706943,13.153414
2022-09-15,25,4,15.3800125,12.8081665
2022-09-15,26,4,15.755183,13.268041
2022-09-15,27,4,14.89752,12.6639595
2022-09-15,28,4,15.201373,12.834767
2022-09-15,29,4,15.033507,12.885254
2022-09-15,30,4,14.9759865,12.862383
2022-09-15,0,5,15.06348,12.570581
2022-09-15,1,5,15.107295,12.527438
2022-09-15,2,5,15.259466,12.691851
2022-09-15,3,5,15.330509,12.616713
2022-09-15,4,5,15.196046,12.637919
2022-09-15,5,5,14.997545,12.540708
2022-09-15,6,5,15.465535,12.6396885
2022-09-15,7,5,14.985815,12.556131
2022-09-15,8,5,15.177076,12.586008
2022-09-15,9,5,14.867528,12.445246
2022-09-15,10,5,15.097501,12.69361
2022-09-15,11,5,15.126129,12.538291
2022-09-15,12,5,15.003984,12.659108
2022-09-15,13,5,15.088909,12.6289425
2022-09-15,14,5,15.067281,12.550876
2022-09-15,15,5,15.159209,12.512651
2022-09-15,16,5,15.234635,12.738068
2022-09-15,17,5,15.072837,12.596621
2022-09-15,18,5,15.1468115,12.537983
2022-09-15,19,5,15.246371,12.629829
2022-09-15,20,5,14.994745,12.543188
2022-09-15,21,5,15.052093,12.618482
2022-09-15,22,5,15.305368,12.744516
2022-09-15,23,5,15.219488,12.5398445
2022-09-15,24,5,15.196771,12.645217
2022-09-15,25,5,15.122422,12.509544
2022-09-15,26,5,15.102574,12.690228
2022-09-15,27,5,14.945676,12.454833
2022-09-15,28,5,14.877679,12.426581
2022-09-15,29,5,14.949565,12.637512
2022-09-15,30,5,14.902983,12.616134
2022-09-15,0,6,16.58167,13.958317
2022-09-15,1,6,16.411818,13.865732
2022-09-15,2,6,16.702219,14.021665
2022-09-15,3,6,16.631193,13.928574
2022-09-15,4,6,16.840626,14.114817
2022-09-15,5,6,16.630758,14.045842
2022-09-15,6,6,16.808945,14.059086
2022-09-15,7,6,16.159246,13.754164
2022-09-15,8,6,16.720984,14.059757
2022-09-15,9,6,16.173313,13.739125
2022-09-15,10,6,16.12706,13.722615
2022-09-15,11,6,16.855366,14.107509
2022-09-15,12,6,16.306007,13.8304405
2022-09-15,13,6,16.524544,13.9380665
2022-09-15,14,6,16.64935,13.997184
2022-09-15,15,6,16.907776,14.141585
2022-09-15,16,6,16.680637,14.055529
2022-09-15,17,6,16.322695,13.8176155
2022-09-15,18,6,16.679441,14.008103
2022-09-15,19,6,16.843658,14.08889
2022-09-15,20,6,16.319818,13.78152
2022-09-15,21,6,16.245909,13.844327
2022-09-15,22,6,16.296263,13.791238
2022-09-15,23,6,16.519678,13.850343
2022-09-15,24,6,16.765614,14.049573
2022-09-15,25,6,16.56234,13.903916
2022-09-15,26,6,16.746475,14.079426
2022-09-15,27,6,15.933752,13.614664
2022-09-15,28,6,16.331211,13.792183
2022-09-15,29,6,16.20402,13.821508
2022-09-15,30,6,15.926619,13.654565
2022-09-15,0,7,16.62445,13.690584
2022-09-15,1,7,16.317488,13.35821
2022-09-15,2,7,16.777336,13.838237
2022-09-15,3,7,16.497208,13.129215
2022-09-15,4,7,16.985182,13.788602
2022-09-15,5,7,16.519684,13.59151
2022-09-15,6,7,16.813248,13.52422
2022-09-15,7,7,16.288267,13.594848
2022-09-15,8,7,16.793844,13.7222185
2022-09-15,9,7,16.167336,13.370551
2022-09-15,10,7,16.397732,13.753209
2022-09-15,11,7,16.896458,13.705085
2022-09-15,12,7,16.485931,13.799282
2022-09-15,13,7,16.338045,13.659217
2022-09-15,14,7,16.669027,13.708201
2022-09-15,15,7,16.954176,13.688457
2022-09-15,16,7,16.656418,13.732487
2022-09-15,17,7,16.50555,13.666251
2022-09-15,18,7,16.811989,13.653629
2022-09-15,19,7,16.826527,13.780718
2022-09-15,20,7,16.381435,13.525083
2022-09-15,21,7,16.26863,13.381067
2022-09-15,22,7,15.9738865,12.91072
2022-09-15,23,7,16.470446,13.262824
2022-09-15,24,7,16.814613,13.838726
2022-09-15,25,7,16.567873,13.323669
2022-09-15,26,7,16.805851,13.942009
2022-09-15,27,7,16.01396,13.192741
2022-09-15,28,7,16.287058,13.422543
2022-09-15,29,7,16.225533,13.660075
2022-09-15,30,7,16.075172,13.601669
2022-09-15,0,8,15.762847,13.262429
2022-09-15,1,8,15.310167,12.981654
2022-09-15,2,8,15.953248,13.378089
2022-09-15,3,8,15.530869,12.8628435
2022-09-15,4,8,16.159607,13.395422
2022-09-15,5,8,15.515566,13.080614
2022-09-15,6,8,15.845927,13.212603
2022-09-15,7,8,15.494661,13.191811
2022-09-15,8,8,15.925689,13.301199
2022-09-15,9,8,15.285922,13.03157
2022-09-15,10,8,15.666027,13.328551
2022-09-15,11,8,16.053356,13.279752
2022-09-15,12,8,15.695596,13.3467245
2022-09-15,13,8,15.446714,13.180978
2022-09-15,14,8,15.787608,13.274719
2022-09-15,15,8,16.069054,13.278308
2022-09-15,16,8,15.6500435,13.225495
2022-09-15,17,8,15.63704,13.2676735
2022-09-15,18,8,15.933403,13.228895
2022-09-15,19,8,15.954896,13.322899
2022-09-15,20,8,15.553467,13.132617
2022-09-15,21,8,15.0693035,12.901616
2022-09-15,22,8,14.950681,12.52922
2022-09-15,23,8,15.630173,12.962225
2022-09-15,24,8,15.995491,13.372974
2022-09-15,25,8,15.578127,12.989849
2022-09-15,26,8,16.037912,13.494247
2022-09-15,27,8,14.849989,12.851417
2022-09-15,28,8,15.41127,13.046293
2022-09-15,29,8,15.318706,13.154707
2022-09-15,30,8,15.2753935,13.1476145
2022-09-16,0,1,16.683348,14.143924
2022-09-16,1,1,16.522564,14.090853
2022-09-16,2,1,16.882593,14.34753
2022-09-16,3,1,16.901787,13.900418
2022-09-16,4,1,16.932907,14.378958
2022-09-16,5,1,16.855032,14.234408
2022-09-16,6,1,16.695032,14.221128
2022-09-16,7,1,16.513504,14.067632
2022-09-16,8,1,16.802303,14.290377
2022-09-16,9,1,15.959531,13.702306
2022-09-16,10,1,16.309801,14.10534
2022-09-16,11,1,17.001019,14.276307
2022-09-16,12,1,16.233688,14.107447
2022-09-16,13,1,16.41342,14.195702
2022-09-16,14,1,16.687473,14.226444
2022-09-16,15,1,17.120361,14.321468
2022-09-16,16,1,16.489046,14.312188
2022-09-16,17,1,16.178144,14.015085
2022-09-16,18,1,17.0939,14.3286495
2022-09-16,19,1,16.930513,14.369003
2022-09-16,20,1,16.246222,13.9409
2022-09-16,21,1,16.048788,13.957347
2022-09-16,22,1,16.519917,13.791225
2022-09-16,23,1,16.967468,13.940397
2022-09-16,24,1,16.693066,14.284081
2022-09-16,25,1,16.78466,14.035513
2022-09-16,26,1,16.557846,14.406542
2022-09-16,27,1,15.455496,13.539275
2022-09-16,28,1,16.387018,13.843505
2022-09-16,29,1,16.06601,14.077657
2022-09-16,30,1,16.107067,14.034052
2022-09-16,0,2,16.126984,13.435388
2022-09-16,1,2,16.03369,13.226554
2022-09-16,2,2,16.200636,13.636074
2022-09-16,3,2,16.260136,13.020875
2022-09-16,4,2,16.258574,13.541651
2022-09-16,5,2,15.917903,13.1413965
2022-09-16,6,2,16.359577,13.4902315
2022-09-16,7,2,16.11566,13.676007
2022-09-16,8,2,16.132605,13.447697
2022-09-16,9,2,15.752312,13.273536
2022-09-16,10,2,15.915563,13.698838
2022-09-16,11,2,16.20004,13.3523655
2022-09-16,12,2,15.668524,13.539109
2022-09-16,13,2,15.710531,13.347466
2022-09-16,14,2,15.943114,13.503677
2022-09-16,15,2,16.43655,13.455876
2022-09-16,16,2,15.396782,13.299702
2022-09-16,17,2,15.76067,13.542629
2022-09-16,18,2,16.559805,13.549837
2022-09-16,19,2,16.12983,13.570761
2022-09-16,20,2,15.741832,13.420865
2022-09-16,21,2,15.1735735,13.106442
2022-09-16,22,2,15.746697,12.89883
2022-09-16,23,2,16.416033,13.221194
2022-09-16,24,2,15.933599,13.5664
2022-09-16,25,2,16.22943,13.330387
2022-09-16,26,2,15.666996,13.452726
2022-09-16,27,2,15.386394,12.872091
2022-09-16,28,2,15.906338,13.178874
2022-09-16,29,2,15.340187,13.223793
2022-09-16,30,2,15.586336,13.505936
2022-09-16,0,3,16.987505,14.448889
2022-09-16,1,3,16.919401,14.417386
2022-09-16,2,3,17.09428,14.604296
2022-09-16,3,3,17.22479,14.483124
2022-09-16,4,3,17.241497,14.607772
2022-09-16,5,3,17.120941,14.54017
2022-09-16,6,3,17.121666,14.508276
2022-09-16,7,3,16.742197,14.363766
2022-09-16,8,3,17.081266,14.521332
2022-09-16,9,3,16.476992,14.123237
2022-09-16,10,3,16.66166,14.343085
2022-09-16,11,3,17.249796,14.613156
2022-09-16,12,3,16.711643,14.373654
2022-09-16,13,3,16.81768,14.431467
2022-09-16,14,3,16.950764,14.514306
2022-09-16,15,3,17.359234,14.667532
2022-09-16,16,3,16.834736,14.506084
2022-09-16,17,3,16.625124,14.295458
2022-09-16,18,3,17.296225,14.628997
2022-09-16,19,3,17.17156,14.659012
2022-09-16,20,3,16.622696,14.275709
2022-09-16,21,3,16.565395,14.280154
2022-09-16,22,3,16.772287,14.306446
2022-09-16,23,3,17.236948,14.50845
2022-09-16,24,3,16.97992,14.54851
2022-09-16,25,3,17.056732,14.472161
2022-09-16,26,3,17.016268,14.574791
2022-09-16,27,3,16.233427,13.966151
2022-09-16,28,3,16.79885,14.263105
2022-09-16,29,3,16.546522,14.272382
2022-09-16,30,3,16.506569,14.286935
2022-09-16,0,4,15.805685,13.202998
2022-09-16,1,4,15.569062,12.988496
2022-09-16,2,4,16.224737,13.567176
2022-09-16,3,4,15.93384,13.08149
2022-09-16,4,4,16.441923,13.687489
2022-09-16,5,4,15.746654,13.09618
2022-09-16,6,4,15.867747,13.214937
2022-09-16,7,4,15.850097,13.342914
2022-09-16,8,4,15.855365,13.240965
2022-09-16,9,4,15.075834,12.780112
2022-09-16,10,4,15.864809,13.441559
2022-09-16,11,4,16.162424,13.414622
2022-09-16,12,4,15.780971,13.389926
2022-09-16,13,4,15.466872,13.052155
2022-09-16,14,4,15.898185,13.378664
2022-09-16,15,4,16.320446,13.492964
2022-09-16,16,4,15.362384,13.0737
2022-09-16,17,4,15.484859,13.1869955
2022-09-16,18,4,16.537312,13.643002
2022-09-16,19,4,16.150417,13.510694
2022-09-16,20,4,15.355098,13.018951
2022-09-16,21,4,15.1883745,13.004994
2022-09-16,22,4,15.319535,12.809337
2022-09-16,23,4,16.14452,13.237458
2022-09-16,24,4,15.897932,13.386102
2022-09-16,25,4,15.9963665,13.29212
2022-09-16,26,4,16.094278,13.585873
2022-09-16,27,4,14.875391,12.621068
2022-09-16,28,4,15.393659,12.883453
2022-09-16,29,4,15.068085,12.880962
2022-09-16,30,4,15.380603,13.148594
2022-09-16,0,5,15.080744,12.767187
2022-09-16,1,5,14.988314,12.619883
2022-09-16,2,5,15.418808,13.085286
2022-09-16,3,5,15.6182165,12.95546
2022-09-16,4,5,15.120882,12.816265
2022-09-16,5,5,14.947439,12.6011915
2022-09-16,6,5,15.425011,12.989975
2022-09-16,7,5,15.334089,13.062275
2022-09-16,8,5,15.202514,12.857664
2022-09-16,9,5,15.052021,12.834471
2022-09-16,10,5,15.291183,13.115374
2022-09-16,11,5,15.299147,12.879142
2022-09-16,12,5,15.0827875,12.979399
2022-09-16,13,5,15.310685,13.050485
2022-09-16,14,5,15.273835,13.030102
2022-09-16,15,5,15.2829685,12.824596
2022-09-16,16,5,15.072922,12.936125
2022-09-16,17,5,15.032552,12.945147
2022-09-16,18,5,15.29808,12.805384
2022-09-16,19,5,15.603215,13.248926
2022-09-16,20,5,15.229738,13.029925
2022-09-16,21,5,14.82099,12.737387
2022-09-16,22,5,15.58683,13.040996
2022-09-16,23,5,15.711613,13.013519
2022-09-16,24,5,15.501229,13.224362
2022-09-16,25,5,15.290575,12.879326
2022-09-16,26,5,15.192353,13.036214
2022-09-16,27,5,14.760062,12.543343
2022-09-16,28,5,15.007719,12.697885
2022-09-16,29,5,14.876466,12.740766
2022-09-16,30,5,15.223127,13.077933
2022-09-16,0,6,16.92893,14.418364
2022-09-16,1,6,16.967451,14.489716
2022-09-16,2,6,17.016918,14.511355
2022-09-16,3,6,17.081228,14.483465
2022-09-16,4,6,17.141226,14.552913
2022-09-16,5,6,17.144709,14.587086
2022-09-16,6,6,16.992083,14.524413
2022-09-16,7,6,16.67355,14.229612
2022-09-16,8,6,16.98132,14.529005
2022-09-16,9,6,16.401482,14.139562
2022-09-16,10,6,16.553665,14.147167
2022-09-16,11,6,17.186586,14.6274805
2022-09-16,12,6,16.661459,14.2160425
2022-09-16,13,6,16.8145,14.407134
2022-09-16,14,6,16.921402,14.460414
2022-09-16,15,6,17.276072,14.648142
2022-09-16,16,6,16.852327,14.494039
2022-09-16,17,6,16.571608,14.190271
2022-09-16,18,6,17.227024,14.591193
2022-09-16,19,6,17.101494,14.590406
2022-09-16,20,6,16.534988,14.202782
2022-09-16,21,6,16.68573,14.308932
2022-09-16,22,6,16.825026,14.450663
2022-09-16,23,6,17.10615,14.459024
2022-09-16,24,6,16.894522,14.461745
2022-09-16,25,6,17.044647,14.463146
2022-09-16,26,6,16.959692,14.455071
2022-09-16,27,6,16.29837,14.122913
2022-09-16,28,6,16.774605,14.256706
2022-09-16,29,6,16.616344,14.291361
2022-09-16,30,6,16.503351,14.174379
2022-09-16,0,7,16.885984,14.050178
2022-09-16,1,7,16.854477,13.850798
2022-09-16,2,7,17.085442,14.348274
2022-09-16,3,7,17.037212,13.6776
2022-09-16,4,7,17.127062,14.28312
2022-09-16,5,7,16.887056,14.000462
2022-09-16,6,7,17.010004,13.96139
2022-09-16,7,7,16.800598,14.120857
2022-09-16,8,7,16.993807,14.147266
2022-09-16,9,7,16.514593,13.802116
2022-09-16,10,7,16.727034,14.218636
2022-09-16,11,7,17.064047,14.168789
2022-09-16,12,7,16.65708,14.226927
2022-09-16,13,7,16.667562,14.032104
2022-09-16,14,7,16.91692,14.247447
2022-09-16,15,7,17.162584,14.153763
2022-09-16,16,7,16.669254,14.18072
2022-09-16,17,7,16.662666,14.123873
2022-09-16,18,7,17.245451,14.175602
2022-09-16,19,7,17.106058,14.353734
2022-09-16,20,7,16.595024,13.987575
2022-09-16,21,7,16.493263,13.960419
2022-09-16,22,7,16.721333,13.692611
2022-09-16,23,7,17.103899,13.803229
2022-09-16,24,7,16.910889,14.305862
2022-09-16,25,7,16.959404,13.913005
2022-09-16,26,7,16.813734,14.344191
2022-09-16,27,7,16.37962,13.57216
2022-09-16,28,7,16.706356,13.769126
2022-09-16,29,7,16.445599,14.029078
2022-09-16,30,7,16.559475,14.162562
2022-09-16,0,8,15.844079,13.501247
2022-09-16,1,8,15.285986,13.224789
2022-09-16,2,8,16.262117,13.820928
2022-09-16,3,8,15.557318,13.241313
2022-09-16,4,8,16.473017,13.73388
2022-09-16,5,8,15.695454,13.355711
2022-09-16,6,8,15.752763,13.423323
2022-09-16,7,8,15.928494,13.683126
2022-09-16,8,8,15.910223,13.536859
2022-09-16,9,8,15.062977,13.185393
2022-09-16,10,8,16.037045,13.714438
2022-09-16,11,8,16.103636,13.662707
2022-09-16,12,8,15.955717,13.707092
2022-09-16,13,8,15.452234,13.375892
2022-09-16,14,8,15.983735,13.697138
2022-09-16,15,8,16.200129,13.691458
2022-09-16,16,8,15.400626,13.45103
2022-09-16,17,8,15.697713,13.54461
2022-09-16,18,8,16.465912,13.797092
2022-09-16,19,8,16.180992,13.767654
2022-09-16,20,8,15.345524,13.41171
2022-09-16,21,8,15.110657,13.201047
2022-09-16,22,8,14.783228,13.018022
2022-09-16,23,8,15.848482,13.475355
2022-09-16,24,8,15.968829,13.761106
2022-09-16,25,8,15.755607,13.426904
2022-09-16,26,8,16.256403,13.788579
2022-09-16,27,8,14.513401,12.828528
2022-09-16,28,8,15.34709,13.176343
2022-09-16,29,8,15.220895,13.327557
2022-09-16,30,8,15.548407,13.618446
2022-09-17,0,1,17.12521,14.391842
2022-09-17,1,1,17.01861,14.377348
2022-09-17,2,1,16.996424,14.51822
2022-09-17,3,1,16.620695,14.286271
2022-09-17,4,1,17.44165,14.640062
2022-09-17,5,1,17.1257,14.454205
2022-09-17,6,1,17.0249,14.561256
2022-09-17,7,1,17.039186,14.410229
2022-09-17,8,1,17.085167,14.55494
2022-09-17,9,1,16.112267,14.123324
2022-09-17,10,1,16.856592,14.386902
2022-09-17,11,1,17.122427,14.532713
2022-09-17,12,1,16.452963,14.326303
2022-09-17,13,1,16.699865,14.376365
2022-09-17,14,1,16.83954,14.535313
2022-09-17,15,1,17.143429,14.531141
2022-09-17,16,1,16.460112,14.521929
2022-09-17,17,1,16.443865,14.34842
2022-09-17,18,1,17.40427,14.486552
2022-09-17,19,1,17.271637,14.676375
2022-09-17,20,1,16.381292,14.329108
2022-09-17,21,1,16.272863,14.327774
2022-09-17,22,1,16.80747,14.407833
2022-09-17,23,1,17.13514,14.429928
2022-09-17,24,1,16.905428,14.573924
2022-09-17,25,1,16.877598,14.404105
2022-09-17,26,1,16.769566,14.533014
2022-09-17,27,1,16.203098,13.961858
2022-09-17,28,1,16.6295,14.104008
2022-09-17,29,1,16.142603,14.238584
2022-09-17,30,1,16.32288,14.24431
2022-09-17,0,2,16.415691,13.8477125
2022-09-17,1,2,16.117315,13.796573
2022-09-17,2,2,16.38774,14.095239
2022-09-17,3,2,15.6219015,13.537996
2022-09-17,4,2,16.64489,13.757513
2022-09-17,5,2,16.128288,13.810776
2022-09-17,6,2,16.15326,13.852272
2022-09-17,7,2,16.558628,13.969881
2022-09-17,8,2,16.238096,13.742209
2022-09-17,9,2,15.671345,13.683627
2022-09-17,10,2,16.422108,13.955629
2022-09-17,11,2,16.2738,13.831455
2022-09-17,12,2,16.039124,14.039615
2022-09-17,13,2,15.927128,13.850451
2022-09-17,14,2,16.149275,13.936872
2022-09-17,15,2,16.267042,13.7308235
2022-09-17,16,2,15.416095,13.762569
2022-09-17,17,2,15.964237,13.820251
2022-09-17,18,2,16.769218,14.130324
2022-09-17,19,2,16.41368,13.883958
2022-09-17,20,2,15.874977,13.880399
2022-09-17,21,2,15.134565,13.287815
2022-09-17,22,2,15.624402,13.245654
2022-09-17,23,2,16.643078,13.810466
2022-09-17,24,2,16.203703,13.932361
2022-09-17,25,2,16.184261,13.7961235
2022-09-17,26,2,16.04054,14.04493
2022-09-17,27,2,15.480319,13.217736
2022-09-17,28,2,16.055094,13.761139
2022-09-17,29,2,15.335863,13.580843
2022-09-17,30,2,15.933589,14.082064
2022-09-17,0,3,17.253914,14.69958
2022-09-17,1,3,17.089848,14.642492
2022-09-17,2,3,17.192955,14.7417965
2022-09-17,3,3,17.097115,14.677932
2022-09-17,4,3,17.674433,14.874783
2022-09-17,5,3,17.287739,14.882603
2022-09-17,6,3,17.110111,14.682203
2022-09-17,7,3,17.096834,14.545976
2022-09-17,8,3,17.219395,14.704977
2022-09-17,9,3,16.632069,14.407964
2022-09-17,10,3,17.041063,14.4972
2022-09-17,11,3,17.293938,14.776225
2022-09-17,12,3,16.818064,14.55691
2022-09-17,13,3,16.944317,14.602944
2022-09-17,14,3,17.040136,14.640792
2022-09-17,15,3,17.326866,14.760923
2022-09-17,16,3,16.828209,14.641777
2022-09-17,17,3,16.761526,14.419465
2022-09-17,18,3,17.473955,14.911463
2022-09-17,19,3,17.39948,14.770131
2022-09-17,20,3,16.70034,14.442347
2022-09-17,21,3,16.72827,14.45222
2022-09-17,22,3,16.950064,14.510828
2022-09-17,23,3,17.373354,14.718909
2022-09-17,24,3,17.123878,14.656469
2022-09-17,25,3,17.085863,14.62867
2022-09-17,26,3,17.127808,14.874786
2022-09-17,27,3,16.628826,14.300939
2022-09-17,28,3,16.904596,14.53442
2022-09-17,29,3,16.610281,14.3834305
2022-09-17,30,3,16.607855,14.47431
2022-09-17,0,4,16.34058,13.5814085
2022-09-17,1,4,15.929218,13.402557
2022-09-17,2,4,16.43153,13.756872
2022-09-17,3,4,15.371079,13.044072
2022-09-17,4,4,16.954481,13.907505
2022-09-17,5,4,16.181263,13.612982
2022-09-17,6,4,16.037523,13.49282
2022-09-17,7,4,16.330162,13.554137
2022-09-17,8,4,16.176132,13.492424
2022-09-17,9,4,15.072609,12.951424
2022-09-17,10,4,16.412594,13.623265
2022-09-17,11,4,16.236406,13.567156
2022-09-17,12,4,16.013176,13.594529
2022-09-17,13,4,15.854816,13.381683
2022-09-17,14,4,16.07594,13.534845
2022-09-17,15,4,16.187849,13.508546
2022-09-17,16,4,15.328378,13.314383
2022-09-17,17,4,15.700099,13.295297
2022-09-17,18,4,16.673458,13.848489
2022-09-17,19,4,16.561804,13.699267
2022-09-17,20,4,15.367503,13.187235
2022-09-17,21,4,15.326503,13.138832
2022-09-17,22,4,15.15771,12.844636
2022-09-17,23,4,16.235018,13.45365
2022-09-17,24,4,16.169115,13.544993
2022-09-17,25,4,15.880443,13.4110565
2022-09-17,26,4,16.432693,13.915424
2022-09-17,27,4,15.212346,12.90495
2022-09-17,28,4,15.636235,13.20424
2022-09-17,29,4,15.031067,12.943336
2022-09-17,30,4,15.587032,13.449361
2022-09-17,0,5,15.4698105,13.092245
2022-09-17,1,5,15.411607,13.197441
2022-09-17,2,5,15.921011,13.5698185
2022-09-17,3,5,15.350461,13.274048
2022-09-17,4,5,15.928261,13.41525
2022-09-17,5,5,15.444756,13.181785
2022-09-17,6,5,16.043648,13.746049
2022-09-17,7,5,15.96629,13.53128
2022-09-17,8,5,15.687942,13.317727
2022-09-17,9,5,15.114306,12.991918
2022-09-17,10,5,16.044989,13.573426
2022-09-17,11,5,15.571855,13.260406
2022-09-17,12,5,15.570932,13.40609
2022-09-17,13,5,15.848796,13.452385
2022-09-17,14,5,15.610493,13.393208
2022-09-17,15,5,15.485488,13.186437
2022-09-17,16,5,15.382918,13.381454
2022-09-17,17,5,15.30374,13.164035
2022-09-17,18,5,15.622241,13.302849
2022-09-17,19,5,16.574902,13.925813
2022-09-17,20,5,15.416663,13.280498
2022-09-17,21,5,15.156374,13.177269
2022-09-17,22,5,16.07089,13.758546
2022-09-17,23,5,15.833845,13.336959
2022-09-17,24,5,16.07498,13.643102
2022-09-17,25,5,15.344949,13.184922
2022-09-17,26,5,15.764268,13.574134
2022-09-17,27,5,15.0831175,12.898584
2022-09-17,28,5,15.258597,13.039005
2022-09-17,29,5,15.116657,12.9979925
2022-09-17,30,5,15.535315,13.376154
2022-09-17,0,6,17.334742,14.758776
2022-09-17,1,6,17.292313,14.729446
2022-09-17,2,6,17.2403,14.732856
2022-09-17,3,6,17.026352,14.705468
2022-09-17,4,6,17.712097,14.89021
2022-09-17,5,6,17.448582,14.888862
2022-09-17,6,6,17.217768,14.777204
2022-09-17,7,6,17.137575,14.5342655
2022-09-17,8,6,17.355833,14.828012
2022-09-17,9,6,16.754307,14.466532
2022-09-17,10,6,17.018597,14.439367
2022-09-17,11,6,17.371264,14.867079
2022-09-17,12,6,16.867592,14.487504
2022-09-17,13,6,17.075714,14.681417
2022-09-17,14,6,17.131561,14.687532
2022-09-17,15,6,17.411963,14.892232
2022-09-17,16,6,17.025429,14.6490555
2022-09-17,17,6,16.848572,14.428213
2022-09-17,18,6,17.491838,14.83203
2022-09-17,19,6,17.43554,14.85638
2022-09-17,20,6,16.79062,14.458213
2022-09-17,21,6,17.029655,14.501477
2022-09-17,22,6,17.182407,14.707844
2022-09-17,23,6,17.36465,14.811444
2022-09-17,24,6,17.161703,14.709232
2022-09-17,25,6,17.18539,14.688751
2022-09-17,26,6,17.17703,14.741089
2022-09-17,27,6,16.853317,14.45075
2022-09-17,28,6,16.965714,14.606662
2022-09-17,29,6,16.784853,14.473768
2022-09-17,30,6,16.745079,14.411635
2022-09-17,0,7,17.285648,14.418851
2022-09-17,1,7,17.12896,14.3307
2022-09-17,2,7,17.205635,14.586039
2022-09-17,3,7,16.882513,14.206569
2022-09-17,4,7,17.544811,14.51333
2022-09-17,5,7,17.26689,14.592135
2022-09-17,6,7,17.07568,14.431568
2022-09-17,7,7,17.205912,14.2925825
2022-09-17,8,7,17.215006,14.465895
2022-09-17,9,7,16.746002,14.252099
2022-09-17,10,7,17.133142,14.302981
2022-09-17,11,7,17.226576,14.501052
2022-09-17,12,7,16.925959,14.507526
2022-09-17,13,7,16.985394,14.429875
2022-09-17,14,7,17.076275,14.511469
2022-09-17,15,7,17.210377,14.47098
2022-09-17,16,7,16.741116,14.466799
2022-09-17,17,7,16.814894,14.314643
2022-09-17,18,7,17.471434,14.649826
2022-09-17,19,7,17.359928,14.517804
2022-09-17,20,7,16.806519,14.332202
2022-09-17,21,7,16.685953,14.305203
2022-09-17,22,7,16.875168,13.955135
2022-09-17,23,7,17.304718,14.176226
2022-09-17,24,7,17.125113,14.497893
2022-09-17,25,7,17.021076,14.347303
2022-09-17,26,7,17.12506,14.68605
2022-09-17,27,7,16.724081,13.929731
2022-09-17,28,7,16.99836,14.286506
2022-09-17,29,7,16.66669,14.287418
2022-09-17,30,7,16.822855,14.470433
2022-09-17,0,8,16.339182,13.968091
2022-09-17,1,8,15.759836,13.509453
2022-09-17,2,8,16.612696,14.125031
2022-09-17,3,8,15.016361,13.250049
2022-09-17,4,8,17.034035,14.041357
2022-09-17,5,8,15.978976,13.788782
2022-09-17,6,8,15.903221,13.681964
2022-09-17,7,8,16.467083,13.905012
2022-09-17,8,8,16.05904,13.718411
2022-09-17,9,8,15.017178,13.3610325
2022-09-17,10,8,16.622864,13.980278
2022-09-17,11,8,16.239132,13.89401
2022-09-17,12,8,16.260592,14.044219
2022-09-17,13,8,15.623293,13.66999
2022-09-17,14,8,16.146252,13.832876
2022-09-17,15,8,16.16549,13.84906
2022-09-17,16,8,15.559696,13.660982
2022-09-17,17,8,15.805596,13.630353
2022-09-17,18,8,16.928082,14.18133
2022-09-17,19,8,16.559076,13.912159
2022-09-17,20,8,15.491199,13.587321
2022-09-17,21,8,15.267811,13.23822
2022-09-17,22,8,14.728895,12.805644
2022-09-17,23,8,15.923391,13.588766
2022-09-17,24,8,16.31969,13.994336
2022-09-17,25,8,15.700282,13.484274
2022-09-17,26,8,16.64068,14.286918
2022-09-17,27,8,14.768805,12.958301
2022-09-17,28,8,15.394632,13.550147
2022-09-17,29,8,15.205606,13.432005
2022-09-17,30,8,15.823875,13.729816
